groupname,sectioninaccounts,pandl,sequenceintb,parentgroupname
AKTIVA LANCAR,1,0,1,""
KAS DAN SETARA KAS,1,0,2,AKTIVA LANCAR
KAS,1,0,3,KAS DAN SETARA KAS
KAS IDR,1,0,4,KAS
KAS VALAS,1,0,5,KAS
BANK,1,0,6,KAS DAN SETARA KAS
BANK IDR,1,0,7,BANK
BANK IDR - 1,1,0,8,BANK IDR
BANK VALAS,1,0,9,BANK
BANK VALAS - 1,1,0,10,BANK VALAS
DEPOSITO JANGKA PENDEK,1,0,11,KAS DAN SETARA KAS
DEPOSITO IDR,1,0,12,DEPOSITO JANGKA PENDEK
DEPOSITO VALAS,1,0,13,DEPOSITO JANGKA PENDEK
PENERIMAAN BELUM TERALOKASI,1,0,14,KAS DAN SETARA KAS
INVESTASI JANGKA PENDEK,1,0,15,AKTIVA LANCAR
DEPOSITO,1,0,16,INVESTASI JANGKA PENDEK
SURAT-SURAT BERHARGA,1,0,17,INVESTASI JANGKA PENDEK
PIUTANG,1,0,18,AKTIVA LANCAR
PIUTANG USAHA,1,0,19,PIUTANG
CADANGAN PIUTANG TAK TERTAGIH,1,0,20,PIUTANG
PIUTANG LAIN-LAIN,1,0,21,AKTIVA LANCAR
PERSEDIAAN,1,0,22,AKTIVA LANCAR
PERSEDIAAN UNTUK USAHA,1,0,23,PERSEDIAAN
PERSEDIAAN PROYEK,1,0,24,PERSEDIAAN
UANG MUKA YANG DIBAYAR,1,0,25,AKTIVA LANCAR
UANG MUKA PEMBELIAN,1,0,26,UANG MUKA YANG DIBAYAR
UANG MUKA JAMINAN,1,0,27,UANG MUKA YANG DIBAYAR
UANG MUKA LAINNYA,1,0,28,UANG MUKA YANG DIBAYAR
BIAYA DAN PAJAK DIBAYAR DIMUKA,1,0,29,AKTIVA LANCAR
BIAYA DIBAYAR DIMUKA,1,0,30,BIAYA DAN PAJAK DIBAYAR DIMUKA
PAJAK DIBAYAR DIMUKA,1,0,31,BIAYA DAN PAJAK DIBAYAR DIMUKA
BIAYA YANG DITANGGUHKAN,1,0,32,AKTIVA LANCAR
PENDAPATAN YANG MASIH HARUS DITERIMA,1,0,33,AKTIVA LANCAR
AKTIVA TIDAK LANCAR,1,0,34,
AKTIVA PAJAK TANGGUHAN,1,0,35,AKTIVA TIDAK LANCAR
INVESTASI JANGKA PANJANG,1,0,36,AKTIVA TIDAK LANCAR
DEPOSITO JANGKA PANJANG,1,0,37,INVESTASI JANGKA PANJANG
DEPOSITO (IDR),1,0,38,DEPOSITO JANGKA PANJANG
DEPOSITO (VALAS),1,0,39,DEPOSITO JANGKA PANJANG
PENYERTAAN,1,0,40,INVESTASI JANGKA PANJANG
AKTIVA TETAP,1,0,41,AKTIVA TIDAK LANCAR
AKTIVA TETAP BERWUJUD,1,0,42,AKTIVA TETAP
AKTIVA PEROLEHAN LANGSUNG,1,0,43,AKTIVA TETAP BERWUJUD
AKTIVA HARGA PEROLEHAN,1,0,44,AKTIVA PEROLEHAN LANGSUNG
AKUMULASI PENYUSUTAN AKTIVA TETAP,1,0,45,AKTIVA PEROLEHAN LANGSUNG
AKTIVA LEASING,1,0,46,AKTIVA TETAP BERWUJUD
AKTIVA LEASING HARGA PEROLEHAN,1,0,47,AKTIVA LEASING
AKUMULASI PENYUSUTAN AKTIVA LEASING,1,0,48,AKTIVA LEASING
AKTIVA DALAM PENYELESAIAN,1,0,49,AKTIVA TETAP BERWUJUD
PROPERTI INVESTASI,1,0,50,AKTIVA TETAP BERWUJUD
PROPERTI INVESTASI HARGA PEROLEHAN,1,0,51,PROPERTI INVESTASI
AKUMULASI PENYUSUTAN PROPERTI INVESTASI,1,0,52,PROPERTI INVESTASI
AKTIVA TETAP TIDAK BERWUJUD,1,0,53,AKTIVA TETAP
AKTIVA TIDAK BERWUJUD - HARGA PEROLEHAN,1,0,54,AKTIVA TETAP TIDAK BERWUJUD
AKTIVA TETAP LAINNYA,1,0,55,AKTIVA TIDAK LANCAR
HUTANG JANGKA PENDEK,2,0,56,
HUTANG BANK,2,0,57,HUTANG JANGKA PENDEK
HUTANG USAHA,2,0,58,HUTANG JANGKA PENDEK
HUTANG BIAYA,2,0,59,HUTANG JANGKA PENDEK
HUTANG PAJAK,2,0,60,HUTANG JANGKA PENDEK
HUTANG PPN,2,0,61,HUTANG PAJAK
HUTANG PPh,2,0,62,HUTANG PAJAK
PENDAPATAN DITERIMA DI MUKA,2,0,63,HUTANG JANGKA PENDEK
HUTANG JANGKA PENDEK LAINNYA,2,0,64,HUTANG JANGKA PENDEK
HUTANG JANGKA PANJANG YANG AKAN JT TEMPO 1 TH,2,0,65,HUTANG JANGKA PENDEK
HUTANG JANGKA PANJANG,2,0,66,
MODAL DISETOR,3,0,67,
AGIO / DISAGIO,3,0,68,
PENILAIAN KEMBALI ATAS AKTIVA,3,0,69,
DIVIDEN,3,0,70,
LABA / (RUGI),3,0,71,
PENJUALAN,4,1,72,
DISKON PENJUALAN,4,1,73,
RETUR PENJUALAN,4,1,74,
HARGA POKOK PENJUALAN,5,1,75,
SELISIH HPP,5,1,76,HARGA POKOK PENJUALAN
BIAYA OPERASIONAL,6,1,77,
BIAYA KARYAWAN,6,1,78,BIAYA OPERASIONAL
BIAYA MARKETING,6,1,79,BIAYA OPERASIONAL
BIAYA PERBAIKAN and PERAWATAN,6,1,80,BIAYA OPERASIONAL
BIAYA FAX and TELEKOMUNIKASI,6,1,81,BIAYA OPERASIONAL
BIAYA LISTRIK and AIR,6,1,82,BIAYA OPERASIONAL
BIAYA SEWA,6,1,83,BIAYA OPERASIONAL
BIAYA KANTOR,6,1,84,BIAYA OPERASIONAL
BIAYA RandD,6,1,85,BIAYA OPERASIONAL
BIAYA UMUM,6,1,86,BIAYA OPERASIONAL
BIAYA PENYUSUTAN and AMORTISASI,6,1,87,
BIAYA PENYUSUTAN,6,1,88,BIAYA PENYUSUTAN and AMORTISASI
BIAYA AMORTISASI,6,1,89,BIAYA PENYUSUTAN and AMORTISASI
PENDAPATAN LAIN-LAIN,7,1,90,
BIAYA LAIN-LAIN,7,1,91,
PAJAK PENGHASILAN,8,1,92,
MEMO,9,?,93,
